,point_estimate,stdev
cap_tot_bl,9.28905,4.14852
cap_tot_pk,37.09118,3.93649
cap_tot_wd,39.48011,5.42286
gen_tot_bl,69962.53015,34255.37234
gen_tot_pk,95699.96600,10527.13984
gen_tot_wd,160963.06383,24477.12082
gen_tot_um,17.88002,5.14464
dem_tot,326643.44000,1672.08252
cost,14250.43662,203.07619
emissions,52272492.42883,2904185.68188
time,23.09094,0.36270
